created_at,Pi1_CO2,Pi1_CH4,Pi1_NH3,Pi2_CO2,Pi2_CH4,Pi2_NH3
2025-11-20 09:53:58+00:00,0,0,0,2008.0,69.0,206.0
2025-11-20 09:54:58+00:00,0,0,0,1983.24,67.97,202.91
2025-11-20 09:55:59+00:00,0,0,0,1972.54,67.52,201.57
2025-11-20 09:56:59+00:00,0,0,0,1985.18,68.05,203.15
2025-11-20 09:57:59+00:00,0,0,0,1974.99,67.62,201.87
2025-11-20 09:59:00+00:00,0,0,0,1962.02,67.08,200.25
2025-11-20 10:00:00+00:00,0,0,0,1943.91,66.33,197.99
2025-11-20 10:01:01+00:00,0,0,0,1944.75,66.36,198.09
2025-11-20 10:02:02+00:00,0,0,0,1950.47,66.6,198.81
2025-11-20 10:03:02+00:00,0,0,0,1940.45,66.19,197.56
2025-11-20 10:04:02+00:00,0,0,0,1942.48,66.27,197.81
2025-11-20 10:05:02+00:00,0,0,0,1946.78,66.45,198.35
2025-11-20 10:06:03+00:00,0,0,0,1950.14,66.59,198.77
2025-11-20 10:07:03+00:00,0,0,0,1950.14,66.59,198.77
2025-11-20 10:08:03+00:00,0,0,0,1934.22,65.93,196.78
2025-11-20 10:09:04+00:00,0,0,0,1933.2,65.88,196.65
2025-11-20 10:10:04+00:00,0,0,0,1939.11,66.13,197.39
2025-11-20 10:11:04+00:00,0,0,0,1931.52,65.81,196.44
2025-11-20 10:12:05+00:00,0,0,0,1929.93,65.75,196.24
2025-11-20 10:13:05+00:00,0,0,0,1920.06,65.34,195.01
2025-11-20 10:14:05+00:00,0,0,0,1918.05,65.25,194.76
2025-11-20 10:15:06+00:00,0,0,0,1928.07,65.67,196.01
2025-11-20 10:16:06+00:00,0,0,0,1930.43,65.77,196.3
2025-11-20 10:17:06+00:00,0,0,0,1935.99,66.0,197.0
2025-11-20 10:18:06+00:00,0,0,0,1940.96,66.21,197.62
2025-11-20 10:19:07+00:00,0,0,0,1952.58,66.69,199.07
2025-11-20 10:20:07+00:00,0,0,0,1945.84,66.41,198.23
2025-11-20 10:21:07+00:00,0,0,0,1949.21,66.55,198.65
2025-11-20 10:22:08+00:00,0,0,0,1962.86,67.12,200.36
2025-11-20 10:23:08+00:00,0,0,0,1961.26,67.05,200.16
2025-11-20 10:24:08+00:00,0,0,0,1966.82,67.28,200.85
2025-11-20 10:25:09+00:00,0,0,0,1973.22,67.55,201.65
2025-11-20 10:26:09+00:00,0,0,0,1964.88,67.2,200.61
2025-11-20 10:27:09+00:00,0,0,0,1968.84,67.37,201.11
2025-11-20 10:28:10+00:00,0,0,0,1987.79,68.16,203.47
2025-11-20 10:29:10+00:00,0,0,0,1966.06,67.25,200.76
2025-11-20 10:30:10+00:00,0,0,0,1993.94,68.41,204.24
2025-11-20 10:31:10+00:00,0,0,0,1973.22,67.55,201.65
2025-11-20 10:32:11+00:00,0,0,0,1968.08,67.34,201.01
2025-11-20 10:33:11+00:00,0,0,0,1972.37,67.52,201.55
2025-11-20 10:34:11+00:00,0,0,0,1971.36,67.47,201.42
2025-11-20 10:35:12+00:00,0,0,0,1966.14,67.26,200.77
2025-11-20 10:36:12+00:00,0,0,0,1953.68,66.74,199.21
2025-11-20 10:37:12+00:00,0,0,0,1942.31,66.26,197.79
2025-11-20 10:38:13+00:00,0,0,0,1938.69,66.11,197.34
2025-11-20 10:39:13+00:00,0,0,0,1953.68,66.74,199.21
2025-11-20 10:40:13+00:00,0,0,0,1966.06,67.25,200.76
2025-11-20 10:41:14+00:00,0,0,0,1949.63,66.57,198.7
2025-11-20 10:42:14+00:00,0,0,0,1962.94,67.12,200.37
2025-11-20 10:43:14+00:00,0,0,0,1975.32,67.64,201.92
2025-11-20 10:44:14+00:00,0,0,0,1989.98,68.25,203.75
2025-11-20 10:45:15+00:00,0,0,0,1987.54,68.15,203.44
2025-11-20 10:46:15+00:00,0,0,0,2008.68,69.03,206.09
2025-11-20 10:47:15+00:00,0,0,0,2006.57,68.94,205.82
2025-11-20 10:48:16+00:00,0,0,0,2007.92,69.0,205.99
2025-11-20 10:49:16+00:00,0,0,0,2017.53,69.4,207.19
2025-11-20 10:50:16+00:00,0,0,0,2020.13,69.51,207.52
2025-11-20 10:51:17+00:00,0,0,0,2022.83,69.62,207.85
2025-11-20 10:52:17+00:00,0,0,0,2024.6,69.69,208.07
2025-11-20 10:53:17+00:00,0,0,0,2032.18,70.01,209.02
2025-11-20 10:54:18+00:00,0,0,0,2037.15,70.21,209.64
2025-11-20 10:55:18+00:00,0,0,0,2036.06,70.17,209.51
2025-11-20 10:56:18+00:00,0,0,0,2022.58,69.61,207.82
2025-11-20 10:57:19+00:00,0,0,0,2031.51,69.98,208.94
2025-11-20 10:58:19+00:00,0,0,0,2032.35,70.01,209.04
2025-11-20 10:59:19+00:00,0,0,0,2032.01,70.0,209.0
2025-11-20 11:00:19+00:00,0,0,0,2040.1,70.34,210.01
2025-11-20 11:01:20+00:00,0,0,0,2041.61,70.4,210.2
2025-11-20 11:02:20+00:00,0,0,0,2039.18,70.3,209.9
2025-11-20 11:03:20+00:00,0,0,0,2041.44,70.39,210.18
2025-11-20 11:04:23+00:00,0,0,0,2038.07,70.25,209.76
2025-11-20 11:05:23+00:00,0,0,0,2033.36,70.06,209.17
2025-11-20 11:06:23+00:00,0,0,0,2036.22,70.18,209.53
2025-11-20 11:07:24+00:00,0,0,0,2030.42,69.93,208.8
2025-11-20 11:08:24+00:00,0,0,0,2029.4,69.89,208.67
2025-11-20 11:09:24+00:00,0,0,0,2023.76,69.66,207.97
2025-11-20 11:10:24+00:00,0,0,0,2016.0,69.33,207.0
2025-11-20 11:11:25+00:00,0,0,0,2011.12,69.13,206.39
2025-11-20 11:12:25+00:00,0,0,0,2012.55,69.19,206.57
2025-11-20 11:13:25+00:00,0,0,0,2031.76,69.99,208.97
2025-11-20 11:14:26+00:00,0,0,0,2045.49,70.56,210.69
2025-11-20 11:15:26+00:00,0,0,0,2047.0,70.62,210.88
2025-11-20 11:16:26+00:00,0,0,0,2027.97,69.83,208.5
2025-11-20 11:17:27+00:00,0,0,0,2039.6,70.32,209.95
2025-11-20 11:18:27+00:00,0,0,0,2047.5,70.65,210.94
2025-11-20 11:19:27+00:00,0,0,0,2043.21,70.47,210.4
2025-11-20 11:20:27+00:00,0,0,0,2017.19,69.38,207.15
2025-11-20 11:21:28+00:00,0,0,0,2027.04,69.79,208.38
2025-11-20 11:22:28+00:00,0,0,0,2043.47,70.48,210.43
2025-11-20 11:23:28+00:00,0,0,0,2055.09,70.96,211.89
2025-11-20 11:24:29+00:00,0,0,0,2045.4,70.56,210.68
2025-11-20 11:25:29+00:00,0,0,0,2061.92,71.25,212.74
2025-11-20 11:26:29+00:00,0,0,0,2043.89,70.5,210.49
2025-11-20 11:27:30+00:00,0,0,0,2041.36,70.39,210.17
2025-11-20 11:28:30+00:00,0,0,0,2005.14,68.88,205.64
2025-11-20 11:29:30+00:00,0,0,0,2006.57,68.94,205.82
2025-11-20 11:30:31+00:00,0,0,0,2010.45,69.1,206.31
2025-11-20 11:31:31+00:00,0,0,0,1978.44,67.77,202.31
2025-11-20 11:32:31+00:00,0,0,0,1953.93,66.75,199.24
2025-11-20 11:33:32+00:00,0,0,0,1850.33,62.43,186.29
2025-11-20 11:34:32+00:00,0,0,0,1996.64,68.53,204.58
2025-11-20 11:35:32+00:00,0,0,0,2026.54,69.77,208.32
2025-11-20 11:36:32+00:00,0,0,0,2028.89,69.87,208.61
2025-11-20 11:37:33+00:00,0,0,0,2031.26,69.97,208.91
2025-11-20 11:38:33+00:00,0,0,0,2040.27,70.34,210.03
2025-11-20 11:39:33+00:00,0,0,0,2032.18,70.01,209.02
2025-11-20 11:40:34+00:00,0,0,0,2011.96,69.17,206.49
2025-11-20 11:41:34+00:00,0,0,0,2011.79,69.16,206.47
2025-11-20 11:42:34+00:00,0,0,0,2008.26,69.01,206.03
2025-11-20 11:43:34+00:00,0,0,0,2038.24,70.26,209.78
2025-11-20 11:44:35+00:00,0,0,0,2019.21,69.47,207.4
2025-11-20 11:45:35+00:00,0,0,0,2007.16,68.97,205.89
2025-11-20 11:46:35+00:00,0,0,0,1984.67,68.03,203.08
2025-11-20 11:47:36+00:00,0,0,0,2036.22,70.18,209.53
2025-11-20 11:48:36+00:00,0,0,0,2039.93,70.33,209.99
2025-11-20 11:49:36+00:00,0,0,0,2033.86,70.08,209.23
2025-11-20 11:50:37+00:00,0,0,0,2013.74,69.24,206.72
2025-11-20 11:51:37+00:00,0,0,0,2043.89,70.5,210.49
2025-11-20 11:52:38+00:00,0,0,0,2045.66,70.57,210.71
2025-11-20 11:53:38+00:00,0,0,0,2047.76,70.66,210.97
2025-11-20 11:54:38+00:00,0,0,0,1992.26,68.34,204.03
2025-11-20 11:55:38+00:00,0,0,0,2005.14,68.88,205.64
2025-11-20 11:56:39+00:00,0,0,0,1979.45,67.81,202.43
2025-11-20 11:57:39+00:00,0,0,0,1782.77,59.62,177.85
2025-11-20 11:58:39+00:00,0,0,0,1264.17,38.01,113.02
2025-11-20 11:59:40+00:00,0,0,0,2101.25,72.89,217.66
2025-11-20 12:00:40+00:00,0,0,0,2061.83,71.24,212.73
2025-11-20 12:01:40+00:00,0,0,0,2051.63,70.82,211.45
2025-11-20 12:02:41+00:00,0,0,0,2047.25,70.64,210.91
2025-11-20 12:03:41+00:00,0,0,0,1988.38,68.18,203.55
2025-11-20 12:04:41+00:00,0,0,0,1970.61,67.44,201.33
2025-11-20 12:05:42+00:00,0,0,0,2091.99,72.5,216.5
2025-11-20 12:06:42+00:00,0,0,0,2006.99,68.96,205.87
2025-11-20 12:07:43+00:00,0,0,0,1962.18,67.09,200.27
2025-11-20 12:08:43+00:00,0,0,0,2026.04,69.75,208.25
2025-11-20 12:09:43+00:00,0,0,0,1980.54,67.86,202.57
2025-11-20 12:10:43+00:00,0,0,0,2054.0,70.92,211.75
2025-11-20 12:11:44+00:00,0,0,0,2008.77,69.03,206.1
2025-11-20 12:12:44+00:00,0,0,0,2005.82,68.91,205.73
2025-11-20 12:13:44+00:00,0,0,0,1985.01,68.04,203.13
2025-11-20 12:14:45+00:00,0,0,0,1969.18,67.38,201.15
2025-11-20 12:15:45+00:00,0,0,0,1970.78,67.45,201.35
2025-11-20 12:16:46+00:00,0,0,0,1952.92,66.7,199.11
2025-11-20 12:17:46+00:00,0,0,0,1946.18,66.42,198.27
2025-11-20 12:18:46+00:00,0,0,0,1957.3,66.89,199.66
2025-11-20 12:19:46+00:00,0,0,0,1959.92,67.0,199.99
2025-11-20 12:20:47+00:00,0,0,0,1947.45,66.48,198.43
2025-11-20 12:21:47+00:00,0,0,0,1942.13,66.26,197.77
2025-11-20 12:22:47+00:00,0,0,0,1916.03,65.17,194.5
2025-11-20 12:23:48+00:00,0,0,0,1944.24,66.34,198.03
2025-11-20 12:24:48+00:00,0,0,0,1958.06,66.92,199.76
2025-11-20 12:25:48+00:00,0,0,0,1964.88,67.2,200.61
2025-11-20 12:26:49+00:00,0,0,0,1968.84,67.37,201.11
2025-11-20 12:27:49+00:00,0,0,0,1945.84,66.41,198.23
2025-11-20 12:28:49+00:00,0,0,0,1935.99,66.0,197.0
2025-11-20 12:29:50+00:00,0,0,0,1948.46,66.52,198.56
2025-11-20 12:30:50+00:00,0,0,0,1956.21,66.84,199.53
2025-11-20 12:31:50+00:00,0,0,0,1988.46,68.19,203.56
2025-11-20 12:32:50+00:00,0,0,0,1983.5,67.98,202.94
2025-11-20 12:33:51+00:00,0,0,0,1990.66,68.28,203.83
2025-11-20 12:34:51+00:00,0,0,0,1996.38,68.52,204.55
2025-11-20 12:35:51+00:00,0,0,0,2000.51,68.69,205.06
2025-11-20 12:36:52+00:00,0,0,0,1987.79,68.16,203.47
2025-11-20 12:37:52+00:00,0,0,0,1992.68,68.36,204.08
2025-11-20 12:38:53+00:00,0,0,0,1985.85,68.08,203.23
2025-11-20 12:39:53+00:00,0,0,0,1982.4,67.93,202.8
2025-11-20 12:40:53+00:00,0,0,0,1987.2,68.13,203.4
2025-11-20 12:41:54+00:00,0,0,0,1949.97,66.58,198.75
2025-11-20 12:42:54+00:00,0,0,0,1999.67,68.65,204.96
2025-11-20 12:43:54+00:00,0,0,0,1969.1,67.38,201.14
2025-11-20 12:44:55+00:00,0,0,0,1937.58,66.07,197.2
2025-11-20 12:45:55+00:00,0,0,0,1961.76,67.07,200.22
2025-11-20 12:46:55+00:00,0,0,0,1983.58,67.98,202.95
2025-11-20 12:47:55+00:00,0,0,0,1997.22,68.55,204.65
2025-11-20 12:48:56+00:00,0,0,0,1977.86,67.74,202.23
2025-11-20 12:49:56+00:00,0,0,0,2029.98,69.92,208.75
2025-11-20 12:50:56+00:00,0,0,0,2003.2,68.8,205.4
2025-11-20 12:51:57+00:00,0,0,0,2010.7,69.11,206.34
2025-11-20 12:52:57+00:00,0,0,0,1980.88,67.87,202.61
2025-11-20 12:53:57+00:00,0,0,0,2000.43,68.68,205.05
2025-11-20 12:54:58+00:00,0,0,0,2014.16,69.26,206.77
2025-11-20 12:55:58+00:00,0,0,0,1998.82,68.62,204.85
2025-11-20 12:56:58+00:00,0,0,0,1992.51,68.35,204.06
2025-11-20 12:57:59+00:00,0,0,0,1995.04,68.46,204.38
2025-11-20 12:58:59+00:00,0,0,0,1994.78,68.45,204.35
2025-11-20 12:59:59+00:00,0,0,0,1993.68,68.4,204.21
2025-11-20 13:00:59+00:00,0,0,0,2000.34,68.68,205.04
2025-11-20 13:02:00+00:00,0,0,0,1978.19,67.76,202.27
2025-11-20 13:03:00+00:00,0,0,0,1993.35,68.39,204.17
2025-11-20 13:04:00+00:00,0,0,0,1998.65,68.61,204.83
2025-11-20 13:05:01+00:00,0,0,0,1996.38,68.52,204.55
2025-11-20 13:06:01+00:00,0,0,0,1991.08,68.3,203.89
2025-11-20 13:07:01+00:00,0,0,0,1985.43,68.06,203.18
2025-11-20 13:08:02+00:00,0,0,0,1987.2,68.13,203.4
2025-11-20 13:09:02+00:00,0,0,0,1991.92,68.33,203.99
2025-11-20 13:10:02+00:00,0,0,0,1990.48,68.27,203.81
2025-11-20 13:11:02+00:00,0,0,0,1926.56,65.61,195.82
2025-11-20 13:12:03+00:00,0,0,0,2001.02,68.71,205.13
2025-11-20 13:13:03+00:00,0,0,0,1978.02,67.75,202.25
2025-11-20 13:14:03+00:00,0,0,0,1960.34,67.01,200.04
2025-11-20 13:15:04+00:00,0,0,0,1970.02,67.42,201.25
2025-11-20 13:16:04+00:00,0,0,0,1977.09,67.71,202.14
2025-11-20 13:17:05+00:00,0,0,0,2032.26,70.01,209.03
2025-11-20 13:18:05+00:00,0,0,0,2038.74,70.28,209.84
2025-11-20 13:19:05+00:00,0,0,0,1988.38,68.18,203.55
2025-11-20 13:20:06+00:00,0,0,0,2019.12,69.46,207.39
2025-11-20 13:21:06+00:00,0,0,0,2049.87,70.74,211.23
2025-11-20 13:22:06+00:00,0,0,0,2023.76,69.66,207.97
2025-11-20 13:23:06+00:00,0,0,0,2012.98,69.21,206.62
2025-11-20 13:24:07+00:00,0,0,0,2025.27,69.72,208.16
2025-11-20 13:25:07+00:00,0,0,0,2014.58,69.27,206.82
2025-11-20 13:26:07+00:00,0,0,0,1955.7,66.82,199.46
2025-11-20 13:27:08+00:00,0,0,0,2022.83,69.62,207.85
2025-11-20 13:28:08+00:00,0,0,0,1993.18,68.38,204.15
2025-11-20 13:29:08+00:00,0,0,0,2019.12,69.46,207.39
2025-11-20 13:30:09+00:00,0,0,0,2013.32,69.22,206.66
2025-11-20 13:31:09+00:00,0,0,0,2007.92,69.0,205.99
2025-11-20 13:32:09+00:00,0,0,0,2007.75,68.99,205.97
2025-11-20 13:33:09+00:00,0,0,0,2012.21,69.18,206.53
2025-11-20 13:34:10+00:00,0,0,0,2008.17,69.01,206.02
2025-11-20 13:35:10+00:00,0,0,0,1995.46,68.48,204.43
2025-11-20 13:36:10+00:00,0,0,0,2006.49,68.94,205.81
2025-11-20 13:37:11+00:00,0,0,0,2008.26,69.01,206.03
2025-11-20 13:38:11+00:00,0,0,0,2001.35,68.72,205.17
2025-11-20 13:39:11+00:00,0,0,0,1985.18,68.05,203.15
2025-11-20 13:40:12+00:00,0,0,0,1999.67,68.65,204.96
2025-11-20 13:41:12+00:00,0,0,0,1987.96,68.17,203.49
2025-11-20 13:42:12+00:00,0,0,0,1978.19,67.76,202.27
2025-11-20 13:43:13+00:00,0,0,0,1966.23,67.26,200.78
2025-11-20 13:44:13+00:00,0,0,0,1957.8,66.91,199.73
2025-11-20 13:45:13+00:00,0,0,0,1872.57,63.36,189.07
2025-11-20 13:46:13+00:00,0,0,0,1964.55,67.19,200.57
2025-11-20 13:47:14+00:00,0,0,0,1987.04,68.13,203.38
2025-11-20 13:48:14+00:00,0,0,0,1946.6,66.44,198.32
2025-11-20 13:49:14+00:00,0,0,0,2013.15,69.21,206.64
2025-11-20 13:50:15+00:00,0,0,0,2009.44,69.06,206.18
2025-11-20 13:51:15+00:00,0,0,0,1922.18,65.42,195.27
2025-11-20 13:52:15+00:00,0,0,0,1990.74,68.28,203.84
2025-11-20 13:53:16+00:00,0,0,0,2018.54,69.44,207.32
2025-11-20 13:54:16+00:00,0,0,0,1979.45,67.81,202.43
2025-11-20 13:55:16+00:00,0,0,0,2009.36,69.06,206.17
2025-11-20 13:56:16+00:00,0,0,0,2008.35,69.01,206.04
2025-11-20 13:57:17+00:00,0,0,0,2024.76,69.7,208.1
2025-11-20 13:58:17+00:00,0,0,0,2005.98,68.92,205.75
2025-11-20 13:59:18+00:00,0,0,0,1979.03,67.79,202.38
2025-11-20 14:00:18+00:00,0,0,0,1986.62,68.11,203.33
2025-11-20 14:01:18+00:00,0,0,0,2014.66,69.28,206.83
2025-11-20 14:02:19+00:00,0,0,0,1980.8,67.87,202.6
2025-11-20 14:03:19+00:00,0,0,0,2018.45,69.44,207.31
2025-11-20 14:04:19+00:00,0,0,0,1904.57,64.69,193.07
2025-11-20 14:05:20+00:00,0,0,0,1974.99,67.62,201.87
2025-11-20 14:06:20+00:00,0,0,0,2005.4,68.89,205.67
2025-11-20 14:07:20+00:00,0,0,0,2023.42,69.64,207.93
2025-11-20 14:08:20+00:00,0,0,0,2046.08,70.59,210.76
2025-11-20 14:09:21+00:00,0,0,0,2010.28,69.1,206.28
2025-11-20 14:10:21+00:00,0,0,0,2009.19,69.05,206.15
2025-11-20 14:11:21+00:00,0,0,0,1932.11,65.84,196.51
2025-11-20 14:12:22+00:00,0,0,0,2042.7,70.45,210.34
2025-11-20 14:13:22+00:00,0,0,0,2030.84,69.95,208.85
2025-11-20 14:14:22+00:00,0,0,0,2014.66,69.28,206.83
2025-11-20 14:15:23+00:00,0,0,0,2009.36,69.06,206.17
2025-11-20 14:16:23+00:00,0,0,0,2023.17,69.63,207.9
2025-11-20 14:17:24+00:00,0,0,0,2004.64,68.86,205.58
2025-11-20 14:18:24+00:00,0,0,0,2029.98,69.92,208.75
2025-11-20 14:19:24+00:00,0,0,0,2034.03,70.08,209.25
2025-11-20 14:20:24+00:00,0,0,0,2029.06,69.88,208.63
2025-11-20 14:21:25+00:00,0,0,0,1917.63,65.23,194.7
2025-11-20 14:22:25+00:00,0,0,0,1994.69,68.45,204.34
2025-11-20 14:23:25+00:00,0,0,0,2010.36,69.1,206.3
2025-11-20 14:24:26+00:00,0,0,0,2011.37,69.14,206.42
2025-11-20 14:25:26+00:00,0,0,0,2049.11,70.71,211.14
2025-11-20 14:26:26+00:00,0,0,0,1986.45,68.1,203.31
2025-11-20 14:27:27+00:00,0,0,0,1994.44,68.44,204.31
2025-11-20 14:28:28+00:00,0,0,0,2024.76,69.7,208.1
2025-11-20 14:29:28+00:00,0,0,0,2005.98,68.92,205.75
2025-11-20 14:30:28+00:00,0,0,0,2043.72,70.49,210.47
2025-11-20 14:31:29+00:00,0,0,0,2018.96,69.46,207.37
2025-11-20 14:32:29+00:00,0,0,0,2029.48,69.9,208.69
2025-11-20 14:33:29+00:00,0,0,0,2012.46,69.19,206.56
2025-11-20 14:34:29+00:00,0,0,0,2016.09,69.34,207.01
2025-11-20 14:35:30+00:00,0,0,0,2014.32,69.26,206.79
2025-11-20 14:36:30+00:00,0,0,0,1970.02,67.42,201.25
2025-11-20 14:37:31+00:00,0,0,0,2018.54,69.44,207.32
2025-11-20 14:38:31+00:00,0,0,0,2022.75,69.61,207.84
2025-11-20 14:39:33+00:00,0,0,0,2030.42,69.93,208.8
2025-11-20 14:40:33+00:00,0,0,0,2022.92,69.62,207.86
2025-11-20 14:41:34+00:00,0,0,0,2037.99,70.25,209.75
2025-11-20 14:42:34+00:00,0,0,0,2012.21,69.18,206.53
2025-11-20 14:43:35+00:00,0,0,0,2020.05,69.5,207.51
2025-11-20 14:44:35+00:00,0,0,0,2011.96,69.17,206.49
2025-11-20 14:45:36+00:00,0,0,0,2008.08,69.0,206.01
2025-11-20 14:46:36+00:00,0,0,0,2010.78,69.12,206.35
2025-11-20 14:47:37+00:00,0,0,0,1997.9,68.58,204.74
2025-11-20 14:48:37+00:00,0,0,0,1991.5,68.31,203.94
2025-11-20 14:49:37+00:00,0,0,0,1985.34,68.06,203.17
2025-11-20 14:50:37+00:00,0,0,0,1972.29,67.51,201.54
2025-11-20 14:51:38+00:00,0,0,0,1977.77,67.74,202.22
2025-11-20 14:52:38+00:00,0,0,0,1969.68,67.4,201.21
2025-11-20 14:53:38+00:00,0,0,0,1964.03,67.17,200.5
2025-11-20 14:54:39+00:00,0,0,0,1956.96,66.87,199.62
2025-11-20 14:55:39+00:00,0,0,0,1959.06,66.96,199.88
2025-11-20 14:56:39+00:00,0,0,0,1969.35,67.39,201.17
2025-11-20 14:57:40+00:00,0,0,0,1963.36,67.14,200.42
2025-11-20 14:58:40+00:00,0,0,0,1956.46,66.85,199.56
2025-11-20 14:59:41+00:00,0,0,0,1951.24,66.64,198.91
2025-11-20 15:00:41+00:00,0,0,0,1944.92,66.37,198.11
2025-11-20 15:01:41+00:00,0,0,0,1941.38,66.22,197.67
2025-11-20 15:02:42+00:00,0,0,0,1938.35,66.1,197.29
2025-11-20 15:03:42+00:00,0,0,0,1935.48,65.98,196.94
2025-11-20 15:04:42+00:00,0,0,0,1930.18,65.76,196.27
2025-11-20 15:05:43+00:00,0,0,0,1971.45,67.48,201.43
2025-11-20 15:06:43+00:00,0,0,0,1955.45,66.81,199.43
2025-11-20 15:07:44+00:00,0,0,0,1952.5,66.69,199.06
2025-11-20 15:08:44+00:00,0,0,0,1941.21,66.22,197.65
2025-11-20 15:09:44+00:00,0,0,0,1927.82,65.66,195.98
2025-11-20 15:10:44+00:00,0,0,0,1923.27,65.47,195.41
2025-11-20 15:11:45+00:00,0,0,0,1918.64,65.28,194.83
2025-11-20 15:12:45+00:00,0,0,0,1912.91,65.04,194.11
2025-11-20 15:13:45+00:00,0,0,0,1911.14,64.96,193.89
2025-11-20 15:14:45+00:00,0,0,0,1911.3,64.97,193.91
2025-11-20 15:15:46+00:00,0,0,0,1910.63,64.94,193.83
2025-11-20 15:16:46+00:00,0,0,0,1907.19,64.8,193.4
2025-11-20 15:17:46+00:00,0,0,0,1903.98,64.67,193.0
2025-11-20 15:18:47+00:00,0,0,0,1901.7,64.57,192.71
2025-11-20 15:19:47+00:00,0,0,0,1904.99,64.71,193.12
2025-11-20 15:20:48+00:00,0,0,0,1902.29,64.6,192.79
2025-11-20 15:21:48+00:00,0,0,0,1893.96,64.25,191.75
2025-11-20 15:22:48+00:00,0,0,0,1913.16,65.05,194.15
2025-11-20 15:23:49+00:00,0,0,0,1898.43,64.43,192.3
2025-11-20 15:24:49+00:00,0,0,0,1884.1,63.84,190.51
2025-11-20 15:25:49+00:00,0,0,0,1867.25,63.14,188.41
2025-11-20 15:26:50+00:00,0,0,0,1908.95,64.87,193.62
2025-11-20 15:27:50+00:00,0,0,0,1917.54,65.23,194.69
2025-11-20 15:28:51+00:00,0,0,0,1930.26,65.76,196.28
2025-11-20 15:29:51+00:00,0,0,0,1928.66,65.69,196.08
2025-11-20 15:30:51+00:00,0,0,0,1931.94,65.83,196.49
2025-11-20 15:31:52+00:00,0,0,0,1932.03,65.83,196.5
2025-11-20 15:32:52+00:00,0,0,0,1935.48,65.98,196.94
2025-11-20 15:33:52+00:00,0,0,0,1942.31,66.26,197.79
2025-11-20 15:34:53+00:00,0,0,0,1957.38,66.89,199.67
2025-11-20 15:35:53+00:00,0,0,0,1954.26,66.76,199.28
2025-11-20 15:36:53+00:00,0,0,0,1947.78,66.49,198.47
2025-11-20 15:37:53+00:00,0,0,0,1937.0,66.04,197.12
2025-11-20 15:38:54+00:00,0,0,0,1942.31,66.26,197.79
2025-11-20 15:39:54+00:00,0,0,0,1938.27,66.09,197.28
2025-11-20 15:40:54+00:00,0,0,0,1943.82,66.33,197.98
2025-11-20 15:41:55+00:00,0,0,0,1943.57,66.32,197.95
2025-11-20 15:42:55+00:00,0,0,0,1941.21,66.22,197.65
2025-11-20 15:43:55+00:00,0,0,0,1945.92,66.41,198.24
2025-11-20 15:44:56+00:00,0,0,0,1944.08,66.34,198.01
2025-11-20 15:45:56+00:00,0,0,0,1948.04,66.5,198.5
2025-11-20 15:46:57+00:00,0,0,0,1948.12,66.5,198.51
2025-11-20 15:47:57+00:00,0,0,0,1947.2,66.47,198.4
2025-11-20 15:48:57+00:00,0,0,0,1949.8,66.58,198.72
2025-11-20 15:49:58+00:00,0,0,0,1954.68,66.78,199.34
2025-11-20 15:50:58+00:00,0,0,0,1953.93,66.75,199.24
2025-11-20 15:51:58+00:00,0,0,0,1953.42,66.73,199.18
2025-11-20 15:52:59+00:00,0,0,0,1947.78,66.49,198.47
2025-11-20 15:53:59+00:00,0,0,0,1951.49,66.65,198.94
2025-11-20 15:54:59+00:00,0,0,0,1959.32,66.97,199.91
2025-11-20 15:56:00+00:00,0,0,0,1949.63,66.57,198.7
2025-11-20 15:57:00+00:00,0,0,0,1951.91,66.66,198.99
2025-11-20 15:58:01+00:00,0,0,0,1948.12,66.5,198.51
2025-11-20 15:59:01+00:00,0,0,0,1951.16,66.63,198.89
2025-11-20 16:00:01+00:00,0,0,0,1943.49,66.31,197.94
2025-11-20 16:01:02+00:00,0,0,0,1945.0,66.38,198.12
2025-11-20 16:02:02+00:00,0,0,0,1952.67,66.69,199.08
2025-11-20 16:03:02+00:00,0,0,0,1946.34,66.43,198.29
2025-11-20 16:04:03+00:00,0,0,0,1953.34,66.72,199.17
2025-11-20 16:05:03+00:00,0,0,0,1958.39,66.93,199.8
2025-11-20 16:06:03+00:00,0,0,0,1951.07,66.63,198.88
2025-11-20 16:07:04+00:00,0,0,0,1952.33,66.68,199.04
2025-11-20 16:08:04+00:00,0,0,0,1946.69,66.45,198.34
2025-11-20 16:09:05+00:00,0,0,0,1938.27,66.09,197.28
2025-11-20 16:10:05+00:00,0,0,0,1937.5,66.06,197.19
2025-11-20 16:11:05+00:00,0,0,0,1934.06,65.92,196.76
2025-11-20 16:12:05+00:00,0,0,0,1941.96,66.25,197.75
2025-11-20 16:13:06+00:00,0,0,0,1935.99,66.0,197.0
2025-11-20 16:14:06+00:00,0,0,0,1928.07,65.67,196.01
2025-11-20 16:15:09+00:00,0,0,0,1932.03,65.83,196.5
2025-11-20 16:16:09+00:00,0,0,0,1937.85,66.08,197.23
2025-11-20 16:17:09+00:00,0,0,0,1940.96,66.21,197.62
2025-11-20 16:18:10+00:00,0,0,0,1940.54,66.19,197.57
2025-11-20 16:19:10+00:00,0,0,0,1940.96,66.21,197.62
2025-11-20 16:20:10+00:00,0,0,0,1941.04,66.21,197.63
2025-11-20 16:21:11+00:00,0,0,0,1938.6,66.11,197.33
2025-11-20 16:22:11+00:00,0,0,0,1936.74,66.03,197.09
2025-11-20 16:23:11+00:00,0,0,0,1928.15,65.67,196.02
2025-11-20 16:24:12+00:00,0,0,0,1916.2,65.18,194.53
2025-11-20 16:25:12+00:00,0,0,0,1916.7,65.2,194.59
2025-11-20 16:26:12+00:00,0,0,0,1918.13,65.26,194.77
2025-11-20 16:27:12+00:00,0,0,0,1913.67,65.07,194.21
2025-11-20 16:28:13+00:00,0,0,0,1908.87,64.87,193.61
2025-11-20 16:29:13+00:00,0,0,0,1904.82,64.7,193.1
2025-11-20 16:30:13+00:00,0,0,0,1904.66,64.69,193.08
2025-11-20 16:31:14+00:00,0,0,0,1904.57,64.69,193.07
2025-11-20 16:32:14+00:00,0,0,0,1911.05,64.96,193.88
2025-11-20 16:33:14+00:00,0,0,0,1910.21,64.93,193.78
2025-11-20 16:34:15+00:00,0,0,0,1918.64,65.28,194.83
2025-11-20 16:35:15+00:00,0,0,0,1924.79,65.53,195.6
2025-11-20 16:36:15+00:00,0,0,0,1918.38,65.27,194.8
2025-11-20 16:37:16+00:00,0,0,0,1920.33,65.35,195.04
2025-11-20 16:38:16+00:00,0,0,0,1916.87,65.2,194.61
2025-11-20 16:39:16+00:00,0,0,0,1914.51,65.1,194.31
2025-11-20 16:40:17+00:00,0,0,0,1912.41,65.02,194.05
2025-11-20 16:41:17+00:00,0,0,0,1915.6,65.15,194.45
2025-11-20 16:42:17+00:00,0,0,0,1923.44,65.48,195.43
2025-11-20 16:43:18+00:00,0,0,0,1916.79,65.2,194.6
2025-11-20 16:44:18+00:00,0,0,0,1907.69,64.82,193.46
2025-11-20 16:45:21+00:00,0,0,0,1914.42,65.1,194.3
2025-11-20 16:46:22+00:00,0,0,0,1913.25,65.05,194.16
2025-11-20 16:47:22+00:00,0,0,0,1907.78,64.82,193.47
2025-11-20 16:48:22+00:00,0,0,0,1909.46,64.89,193.68
2025-11-20 16:49:23+00:00,0,0,0,1907.78,64.82,193.47
2025-11-20 16:50:23+00:00,0,0,0,1911.48,64.98,193.94
2025-11-20 16:51:23+00:00,0,0,0,1909.79,64.91,193.72
2025-11-20 16:52:24+00:00,0,0,0,1900.61,64.53,192.58
2025-11-20 16:53:24+00:00,0,0,0,1899.35,64.47,192.42
2025-11-20 16:54:24+00:00,0,0,0,1900.19,64.51,192.52
2025-11-20 16:55:25+00:00,0,0,0,1904.99,64.71,193.12
2025-11-20 16:56:25+00:00,0,0,0,1898.6,64.44,192.32
2025-11-20 16:57:25+00:00,0,0,0,1904.24,64.68,193.03
2025-11-20 16:58:26+00:00,0,0,0,1902.54,64.61,192.82
2025-11-20 16:59:26+00:00,0,0,0,1905.33,64.72,193.17
2025-11-20 17:00:27+00:00,0,0,0,1913.16,65.05,194.15
2025-11-20 17:01:27+00:00,0,0,0,1914.84,65.12,194.36
2025-11-20 17:02:28+00:00,0,0,0,1913.08,65.05,194.14
2025-11-20 17:03:28+00:00,0,0,0,1913.58,65.07,194.2
2025-11-20 17:04:29+00:00,0,0,0,1916.12,65.17,194.51
2025-11-20 17:05:29+00:00,0,0,0,1917.88,65.25,194.74
2025-11-20 17:06:29+00:00,0,0,0,1921.92,65.41,195.24
2025-11-20 17:07:32+00:00,0,0,0,1919.64,65.32,194.96
2025-11-20 17:08:32+00:00,0,0,0,1917.71,65.24,194.71
2025-11-20 17:09:32+00:00,0,0,0,1910.97,64.96,193.87
2025-11-20 17:10:33+00:00,0,0,0,1903.9,64.66,192.99
2025-11-20 17:11:33+00:00,0,0,0,1906.17,64.76,193.27
2025-11-20 17:12:33+00:00,0,0,0,1890.76,64.12,191.34
2025-11-20 17:13:34+00:00,0,0,0,1893.78,64.24,191.72
2025-11-20 17:14:34+00:00,0,0,0,1898.26,64.43,192.28
2025-11-20 17:15:34+00:00,0,0,0,1896.06,64.34,192.01
2025-11-20 17:16:35+00:00,0,0,0,1896.23,64.34,192.03
2025-11-20 17:17:35+00:00,0,0,0,1888.98,64.04,191.12
2025-11-20 17:18:35+00:00,0,0,0,1885.62,63.9,190.7
2025-11-20 17:19:36+00:00,0,0,0,1884.27,63.84,190.53
2025-11-20 17:20:36+00:00,0,0,0,1877.28,63.55,189.66
2025-11-20 17:21:37+00:00,0,0,0,1873.58,63.4,189.2
2025-11-20 17:22:37+00:00,0,0,0,1877.03,63.54,189.63
2025-11-20 17:23:37+00:00,0,0,0,1879.3,63.64,189.91
2025-11-20 17:24:37+00:00,0,0,0,1877.03,63.54,189.63
2025-11-20 17:25:38+00:00,0,0,0,1878.71,63.61,189.84
2025-11-20 17:26:38+00:00,0,0,0,1881.58,63.73,190.2
2025-11-20 17:27:38+00:00,0,0,0,1886.8,63.95,190.85
2025-11-20 17:28:39+00:00,0,0,0,1887.89,64.0,190.99
2025-11-20 17:29:39+00:00,0,0,0,1886.8,63.95,190.85
2025-11-20 17:30:39+00:00,0,0,0,1886.46,63.94,190.81
2025-11-20 17:31:40+00:00,0,0,0,1886.72,63.95,190.84
2025-11-20 17:32:40+00:00,0,0,0,1894.72,64.28,191.84
2025-11-20 17:33:40+00:00,0,0,0,1893.7,64.24,191.71
2025-11-20 17:34:41+00:00,0,0,0,1887.64,63.99,190.96
2025-11-20 17:35:41+00:00,0,0,0,1884.02,63.83,190.5
2025-11-20 17:36:41+00:00,0,0,0,1884.27,63.84,190.53
2025-11-20 17:37:42+00:00,0,0,0,1885.29,63.89,190.66
2025-11-20 17:38:42+00:00,0,0,0,1886.38,63.93,190.8
2025-11-20 17:39:43+00:00,0,0,0,1886.8,63.95,190.85
2025-11-20 17:40:43+00:00,0,0,0,1887.39,63.97,190.92
2025-11-20 17:41:43+00:00,0,0,0,1892.52,64.19,191.57
2025-11-20 17:42:44+00:00,0,0,0,1890.0,64.08,191.25
2025-11-20 17:43:44+00:00,0,0,0,1888.9,64.04,191.11
2025-11-20 17:44:44+00:00,0,0,0,1888.82,64.03,191.1
2025-11-20 17:45:45+00:00,0,0,0,1889.5,64.06,191.19
2025-11-20 17:46:45+00:00,0,0,0,1888.48,64.02,191.06
2025-11-20 17:47:46+00:00,0,0,0,1885.2,63.88,190.65
2025-11-20 17:48:46+00:00,0,0,0,1895.39,64.31,191.92
2025-11-20 17:49:46+00:00,0,0,0,1900.11,64.5,192.51
2025-11-20 17:50:47+00:00,0,0,0,1895.9,64.33,191.99
2025-11-20 17:51:47+00:00,0,0,0,1886.97,63.96,190.87
2025-11-20 17:52:47+00:00,0,0,0,1892.27,64.18,191.53
2025-11-20 17:53:48+00:00,0,0,0,1886.46,63.94,190.81
2025-11-20 17:54:48+00:00,0,0,0,1882.5,63.77,190.31
2025-11-20 17:55:48+00:00,0,0,0,1883.76,63.82,190.47
2025-11-20 17:56:49+00:00,0,0,0,1883.93,63.83,190.49
2025-11-20 17:57:49+00:00,0,0,0,1885.37,63.89,190.67
2025-11-20 17:58:49+00:00,0,0,0,1882.76,63.78,190.34
2025-11-20 17:59:50+00:00,0,0,0,1875.76,63.49,189.47
2025-11-20 18:00:50+00:00,0,0,0,1874.58,63.44,189.32
2025-11-20 18:01:50+00:00,0,0,0,1877.45,63.56,189.68
2025-11-20 18:02:51+00:00,0,0,0,1870.29,63.26,188.79
2025-11-20 18:03:51+00:00,0,0,0,1865.74,63.07,188.22
2025-11-20 18:04:51+00:00,0,0,0,1865.24,63.05,188.15
2025-11-20 18:05:52+00:00,0,0,0,1861.7,62.9,187.71
2025-11-20 18:06:52+00:00,0,0,0,1861.28,62.89,187.66
2025-11-20 18:07:53+00:00,0,0,0,1863.72,62.99,187.97
2025-11-20 18:08:53+00:00,0,0,0,1862.79,62.95,187.85
2025-11-20 18:09:53+00:00,0,0,0,1866.5,63.1,188.31
2025-11-20 18:10:54+00:00,0,0,0,1864.4,63.02,188.05
2025-11-20 18:11:54+00:00,0,0,0,1861.61,62.9,187.7
2025-11-20 18:12:54+00:00,0,0,0,1861.44,62.89,187.68
2025-11-20 18:13:55+00:00,0,0,0,1862.45,62.94,187.81
2025-11-20 18:14:55+00:00,0,0,0,1865.4,63.06,188.18
2025-11-20 18:15:55+00:00,0,0,0,1863.89,63.0,187.99
